model,task,weight_ED,alpha_std_batch,alpha_std_all,beta_batch,test_MAE
SchNet,cv,1.0,-1.5,-1.5,0.5,0.031665
SchNet,gap,1.0,-1.5,-1.5,0.5,0.04986
SchNet,lumo,1.0,-1.5,-1.5,0.5,0.026034
SchNet,u0,1.0,-1.5,-1.5,0.5,0.013717
SchNet,mu,1.0,-1.5,-1.5,0.5,0.030919
SchNet,zpve,1.0,-1.5,-1.5,0.5,0.001733
SchNet,alpha,1.0,-1.5,-1.5,0.5,0.068685
SchNet,h298,1.0,-1.5,-1.5,0.5,0.013973
SchNet,homo,1.0,-1.5,-1.5,0.5,0.0321
SchNet,r2,1.0,-1.5,-1.5,0.5,0.133854
SchNet,u298,1.0,-1.5,-1.5,0.5,0.013922
SchNet,g298,1.0,-1.5,-1.5,0.5,0.014388
SchNet,cv,1.0,-1.5,1.5,0.5,0.032038
SchNet,gap,1.0,-1.5,1.5,0.5,0.050174
SchNet,lumo,1.0,-1.5,1.5,0.5,0.02603
SchNet,u0,1.0,-1.5,1.5,0.5,0.013856
SchNet,mu,1.0,-1.5,1.5,0.5,0.030381
SchNet,zpve,1.0,-1.5,1.5,0.5,0.001693
SchNet,alpha,1.0,-1.5,1.5,0.5,0.068784
SchNet,h298,1.0,-1.5,1.5,0.5,0.014173
SchNet,homo,1.0,-1.5,1.5,0.5,0.03162
SchNet,r2,1.0,-1.5,1.5,0.5,0.133577
SchNet,u298,1.0,-1.5,1.5,0.5,0.01412
SchNet,g298,1.0,-1.5,1.5,0.5,0.014409
SchNet,cv,0.01,0,0,0.5,0.031861
SchNet,gap,0.01,0,0,0.5,0.050344
SchNet,lumo,0.01,0,0,0.5,0.025901
SchNet,u0,0.01,0,0,0.5,0.013846
SchNet,mu,0.01,0,0,0.5,0.030658
SchNet,zpve,0.01,0,0,0.5,0.0017
SchNet,alpha,0.01,0,0,0.5,0.071272
SchNet,h298,0.01,0,0,0.5,0.014349
SchNet,homo,0.01,0,0,0.5,0.032544
SchNet,r2,0.01,0,0,0.5,0.136712
SchNet,u298,0.01,0,0,0.5,0.01412
SchNet,g298,0.01,0,0,0.5,0.014347
SchNet,cv,0.5,-1.5,-1.5,0.5,0.031798
SchNet,gap,0.5,-1.5,-1.5,0.5,0.050063
SchNet,lumo,0.5,-1.5,-1.5,0.5,0.026382
SchNet,u0,0.5,-1.5,-1.5,0.5,0.013851
SchNet,mu,0.5,-1.5,-1.5,0.5,0.030196
SchNet,zpve,0.5,-1.5,-1.5,0.5,0.001726
SchNet,alpha,0.5,-1.5,-1.5,0.5,0.070174
SchNet,h298,0.5,-1.5,-1.5,0.5,0.013889
SchNet,homo,0.5,-1.5,-1.5,0.5,0.032337
SchNet,r2,0.5,-1.5,-1.5,0.5,0.133468
SchNet,u298,0.5,-1.5,-1.5,0.5,0.014063
SchNet,g298,0.5,-1.5,-1.5,0.5,0.014113
SchNet,cv,0.5,0,1.5,1,0.03175
SchNet,gap,0.5,0,1.5,1,0.049815
SchNet,lumo,0.5,0,1.5,1,0.025976
SchNet,u0,0.5,0,1.5,1,0.014048
SchNet,mu,0.5,0,1.5,1,0.030643
SchNet,zpve,0.5,0,1.5,1,0.001703
SchNet,alpha,0.5,0,1.5,1,0.06985
SchNet,h298,0.5,0,1.5,1,0.014154
SchNet,homo,0.5,0,1.5,1,0.031684
SchNet,r2,0.5,0,1.5,1,0.13785
SchNet,u298,0.5,0,1.5,1,0.014013
SchNet,g298,0.5,0,1.5,1,0.014246
SchNet,cv,0.5,1.5,-1.5,0.5,0.032025
SchNet,gap,0.5,1.5,-1.5,0.5,0.050226
SchNet,lumo,0.5,1.5,-1.5,0.5,0.02643
SchNet,u0,0.5,1.5,-1.5,0.5,0.013667
SchNet,mu,0.5,1.5,-1.5,0.5,0.030695
SchNet,zpve,0.5,1.5,-1.5,0.5,0.001712
SchNet,alpha,0.5,1.5,-1.5,0.5,0.06854
SchNet,h298,0.5,1.5,-1.5,0.5,0.014035
SchNet,homo,0.5,1.5,-1.5,0.5,0.031984
SchNet,r2,0.5,1.5,-1.5,0.5,0.134376
SchNet,u298,0.5,1.5,-1.5,0.5,0.014195
SchNet,g298,0.5,1.5,-1.5,0.5,0.014062
SchNet,cv,1.0,0,-1.5,0,0.031945
SchNet,gap,1.0,0,-1.5,0,0.050213
SchNet,lumo,1.0,0,-1.5,0,0.025499
SchNet,u0,1.0,0,-1.5,0,0.014041
SchNet,mu,1.0,0,-1.5,0,0.030813
SchNet,zpve,1.0,0,-1.5,0,0.001721
SchNet,alpha,1.0,0,-1.5,0,0.069626
SchNet,h298,1.0,0,-1.5,0,0.013773
SchNet,homo,1.0,0,-1.5,0,0.03185
SchNet,r2,1.0,0,-1.5,0,0.136032
SchNet,u298,1.0,0,-1.5,0,0.014216
SchNet,g298,1.0,0,-1.5,0,0.013891
SchNet,cv,0.5,0,0,0,0.031738
SchNet,gap,0.5,0,0,0,0.050419
SchNet,lumo,0.5,0,0,0,0.026203
SchNet,u0,0.5,0,0,0,0.013659
SchNet,mu,0.5,0,0,0,0.030441
SchNet,zpve,0.5,0,0,0,0.001716
SchNet,alpha,0.5,0,0,0,0.070719
SchNet,h298,0.5,0,0,0,0.013992
SchNet,homo,0.5,0,0,0,0.031569
SchNet,r2,0.5,0,0,0,0.136593
SchNet,u298,0.5,0,0,0,0.014234
SchNet,g298,0.5,0,0,0,0.013875
SchNet,cv,0.5,0,0,0.5,0.032168
SchNet,gap,0.5,0,0,0.5,0.049426
SchNet,lumo,0.5,0,0,0.5,0.025965
SchNet,u0,0.5,0,0,0.5,0.01365
SchNet,mu,0.5,0,0,0.5,0.031062
SchNet,zpve,0.5,0,0,0.5,0.0017
SchNet,alpha,0.5,0,0,0.5,0.069294
SchNet,h298,0.5,0,0,0.5,0.014177
SchNet,homo,0.5,0,0,0.5,0.031976
SchNet,r2,0.5,0,0,0.5,0.135663
SchNet,u298,0.5,0,0,0.5,0.013907
SchNet,g298,0.5,0,0,0.5,0.014231
SchNet,cv,1.0,0,1.5,0,0.032243
SchNet,gap,1.0,0,1.5,0,0.050593
SchNet,lumo,1.0,0,1.5,0,0.026289
SchNet,u0,1.0,0,1.5,0,0.013903
SchNet,mu,1.0,0,1.5,0,0.030839
SchNet,zpve,1.0,0,1.5,0,0.001734
SchNet,alpha,1.0,0,1.5,0,0.069992
SchNet,h298,1.0,0,1.5,0,0.014169
SchNet,homo,1.0,0,1.5,0,0.031834
SchNet,r2,1.0,0,1.5,0,0.135429
SchNet,u298,1.0,0,1.5,0,0.01417
SchNet,g298,1.0,0,1.5,0,0.014402
SchNet,cv,1.0,0,0,1,0.032055
SchNet,gap,1.0,0,0,1,0.050292
SchNet,lumo,1.0,0,0,1,0.025954
SchNet,u0,1.0,0,0,1,0.013854
SchNet,mu,1.0,0,0,1,0.030797
SchNet,zpve,1.0,0,0,1,0.001692
SchNet,alpha,1.0,0,0,1,0.070405
SchNet,h298,1.0,0,0,1,0.014216
SchNet,homo,1.0,0,0,1,0.03227
SchNet,r2,1.0,0,0,1,0.135691
SchNet,u298,1.0,0,0,1,0.014039
SchNet,g298,1.0,0,0,1,0.014136
SchNet,cv,1.0,1.5,-1.5,0.5,0.031875
SchNet,gap,1.0,1.5,-1.5,0.5,0.050233
SchNet,lumo,1.0,1.5,-1.5,0.5,0.026449
SchNet,u0,1.0,1.5,-1.5,0.5,0.013788
SchNet,mu,1.0,1.5,-1.5,0.5,0.03037
SchNet,zpve,1.0,1.5,-1.5,0.5,0.001693
SchNet,alpha,1.0,1.5,-1.5,0.5,0.069639
SchNet,h298,1.0,1.5,-1.5,0.5,0.014347
SchNet,homo,1.0,1.5,-1.5,0.5,0.032138
SchNet,r2,1.0,1.5,-1.5,0.5,0.138368
SchNet,u298,1.0,1.5,-1.5,0.5,0.014244
SchNet,g298,1.0,1.5,-1.5,0.5,0.014159
SchNet,cv,1.0,0,-1.5,1,0.031579
SchNet,gap,1.0,0,-1.5,1,0.050439
SchNet,lumo,1.0,0,-1.5,1,0.026035
SchNet,u0,1.0,0,-1.5,1,0.013627
SchNet,mu,1.0,0,-1.5,1,0.030462
SchNet,zpve,1.0,0,-1.5,1,0.00169
SchNet,alpha,1.0,0,-1.5,1,0.068939
SchNet,h298,1.0,0,-1.5,1,0.014431
SchNet,homo,1.0,0,-1.5,1,0.032325
SchNet,r2,1.0,0,-1.5,1,0.133969
SchNet,u298,1.0,0,-1.5,1,0.014328
SchNet,g298,1.0,0,-1.5,1,0.014242
SchNet,cv,0.01,1.5,0,0.5,0.03219
SchNet,gap,0.01,1.5,0,0.5,0.050696
SchNet,lumo,0.01,1.5,0,0.5,0.026288
SchNet,u0,0.01,1.5,0,0.5,0.014132
SchNet,mu,0.01,1.5,0,0.5,0.030864
SchNet,zpve,0.01,1.5,0,0.5,0.001696
SchNet,alpha,0.01,1.5,0,0.5,0.070657
SchNet,h298,0.01,1.5,0,0.5,0.013921
SchNet,homo,0.01,1.5,0,0.5,0.031985
SchNet,r2,0.01,1.5,0,0.5,0.139904
SchNet,u298,0.01,1.5,0,0.5,0.014105
SchNet,g298,0.01,1.5,0,0.5,0.014015
SchNet,cv,0.5,-1.5,1.5,0.5,0.031602
SchNet,gap,0.5,-1.5,1.5,0.5,0.050836
SchNet,lumo,0.5,-1.5,1.5,0.5,0.026242
SchNet,u0,0.5,-1.5,1.5,0.5,0.013518
SchNet,mu,0.5,-1.5,1.5,0.5,0.030743
SchNet,zpve,0.5,-1.5,1.5,0.5,0.00173
SchNet,alpha,0.5,-1.5,1.5,0.5,0.069362
SchNet,h298,0.5,-1.5,1.5,0.5,0.014221
SchNet,homo,0.5,-1.5,1.5,0.5,0.032316
SchNet,r2,0.5,-1.5,1.5,0.5,0.132742
SchNet,u298,0.5,-1.5,1.5,0.5,0.014448
SchNet,g298,0.5,-1.5,1.5,0.5,0.01389
SchNet,cv,0.01,0,-1.5,0,0.031858
SchNet,gap,0.01,0,-1.5,0,0.050672
SchNet,lumo,0.01,0,-1.5,0,0.026076
SchNet,u0,0.01,0,-1.5,0,0.013915
SchNet,mu,0.01,0,-1.5,0,0.030501
SchNet,zpve,0.01,0,-1.5,0,0.00169
SchNet,alpha,0.01,0,-1.5,0,0.069899
SchNet,h298,0.01,0,-1.5,0,0.014069
SchNet,homo,0.01,0,-1.5,0,0.031875
SchNet,r2,0.01,0,-1.5,0,0.139602
SchNet,u298,0.01,0,-1.5,0,0.014321
SchNet,g298,0.01,0,-1.5,0,0.014399
SchNet,cv,0.01,0,-1.5,0.5,0.031719
SchNet,gap,0.01,0,-1.5,0.5,0.050548
SchNet,lumo,0.01,0,-1.5,0.5,0.026332
SchNet,u0,0.01,0,-1.5,0.5,0.013784
SchNet,mu,0.01,0,-1.5,0.5,0.030721
SchNet,zpve,0.01,0,-1.5,0.5,0.001707
SchNet,alpha,0.01,0,-1.5,0.5,0.070249
SchNet,h298,0.01,0,-1.5,0.5,0.014082
SchNet,homo,0.01,0,-1.5,0.5,0.032138
SchNet,r2,0.01,0,-1.5,0.5,0.135066
SchNet,u298,0.01,0,-1.5,0.5,0.014323
SchNet,g298,0.01,0,-1.5,0.5,0.013929
SchNet,cv,0.5,0,1.5,0.5,0.031835
SchNet,gap,0.5,0,1.5,0.5,0.049792
SchNet,lumo,0.5,0,1.5,0.5,0.025916
SchNet,u0,0.5,0,1.5,0.5,0.013596
SchNet,mu,0.5,0,1.5,0.5,0.029887
SchNet,zpve,0.5,0,1.5,0.5,0.001702
SchNet,alpha,0.5,0,1.5,0.5,0.069259
SchNet,h298,0.5,0,1.5,0.5,0.014297
SchNet,homo,0.5,0,1.5,0.5,0.032397
SchNet,r2,0.5,0,1.5,0.5,0.135466
SchNet,u298,0.5,0,1.5,0.5,0.014359
SchNet,g298,0.5,0,1.5,0.5,0.014237
SchNet,cv,1.0,1.5,1.5,0.5,0.031759
SchNet,gap,1.0,1.5,1.5,0.5,0.050682
SchNet,lumo,1.0,1.5,1.5,0.5,0.026363
SchNet,u0,1.0,1.5,1.5,0.5,0.014087
SchNet,mu,1.0,1.5,1.5,0.5,0.030589
SchNet,zpve,1.0,1.5,1.5,0.5,0.001719
SchNet,alpha,1.0,1.5,1.5,0.5,0.068938
SchNet,h298,1.0,1.5,1.5,0.5,0.014311
SchNet,homo,1.0,1.5,1.5,0.5,0.031949
SchNet,r2,1.0,1.5,1.5,0.5,0.1331
SchNet,u298,1.0,1.5,1.5,0.5,0.014516
SchNet,g298,1.0,1.5,1.5,0.5,0.014411
SchNet,cv,0.01,-1.5,0,0.5,0.032206
SchNet,gap,0.01,-1.5,0,0.5,0.049673
SchNet,lumo,0.01,-1.5,0,0.5,0.025642
SchNet,u0,0.01,-1.5,0,0.5,0.014056
SchNet,mu,0.01,-1.5,0,0.5,0.030705
SchNet,zpve,0.01,-1.5,0,0.5,0.001712
SchNet,alpha,0.01,-1.5,0,0.5,0.071134
SchNet,h298,0.01,-1.5,0,0.5,0.014533
SchNet,homo,0.01,-1.5,0,0.5,0.032048
SchNet,r2,0.01,-1.5,0,0.5,0.138034
SchNet,u298,0.01,-1.5,0,0.5,0.014064
SchNet,g298,0.01,-1.5,0,0.5,0.014386
SchNet,cv,0.01,-1.5,1.5,0.5,0.031625
SchNet,gap,0.01,-1.5,1.5,0.5,0.049901
SchNet,lumo,0.01,-1.5,1.5,0.5,0.026215
SchNet,u0,0.01,-1.5,1.5,0.5,0.013732
SchNet,mu,0.01,-1.5,1.5,0.5,0.030823
SchNet,zpve,0.01,-1.5,1.5,0.5,0.001732
SchNet,alpha,0.01,-1.5,1.5,0.5,0.070316
SchNet,h298,0.01,-1.5,1.5,0.5,0.014209
SchNet,homo,0.01,-1.5,1.5,0.5,0.032154
SchNet,r2,0.01,-1.5,1.5,0.5,0.135952
SchNet,u298,0.01,-1.5,1.5,0.5,0.01423
SchNet,g298,0.01,-1.5,1.5,0.5,0.014055
SchNet,cv,0.01,0,-1.5,1,0.031708
SchNet,gap,0.01,0,-1.5,1,0.050116
SchNet,lumo,0.01,0,-1.5,1,0.026335
SchNet,u0,0.01,0,-1.5,1,0.013785
SchNet,mu,0.01,0,-1.5,1,0.03035
SchNet,zpve,0.01,0,-1.5,1,0.001723
SchNet,alpha,0.01,0,-1.5,1,0.070659
SchNet,h298,0.01,0,-1.5,1,0.014093
SchNet,homo,0.01,0,-1.5,1,0.031874
SchNet,r2,0.01,0,-1.5,1,0.134774
SchNet,u298,0.01,0,-1.5,1,0.013613
SchNet,g298,0.01,0,-1.5,1,0.014303
SchNet,cv,0.01,0,1.5,0.5,0.032119
SchNet,gap,0.01,0,1.5,0.5,0.049661
SchNet,lumo,0.01,0,1.5,0.5,0.026224
SchNet,u0,0.01,0,1.5,0.5,0.014045
SchNet,mu,0.01,0,1.5,0.5,0.03069
SchNet,zpve,0.01,0,1.5,0.5,0.001708
SchNet,alpha,0.01,0,1.5,0.5,0.07034
SchNet,h298,0.01,0,1.5,0.5,0.014092
SchNet,homo,0.01,0,1.5,0.5,0.031805
SchNet,r2,0.01,0,1.5,0.5,0.125908
SchNet,u298,0.01,0,1.5,0.5,0.013884
SchNet,g298,0.01,0,1.5,0.5,0.0142
SchNet,cv,0.01,0,1.5,0,0.032049
SchNet,gap,0.01,0,1.5,0,0.05028
SchNet,lumo,0.01,0,1.5,0,0.026021
SchNet,u0,0.01,0,1.5,0,0.013885
SchNet,mu,0.01,0,1.5,0,0.030435
SchNet,zpve,0.01,0,1.5,0,0.001718
SchNet,alpha,0.01,0,1.5,0,0.069245
SchNet,h298,0.01,0,1.5,0,0.014137
SchNet,homo,0.01,0,1.5,0,0.032089
SchNet,r2,0.01,0,1.5,0,0.137651
SchNet,u298,0.01,0,1.5,0,0.014058
SchNet,g298,0.01,0,1.5,0,0.014067
SchNet,cv,0.01,0,0,0,0.032088
SchNet,gap,0.01,0,0,0,0.050278
SchNet,lumo,0.01,0,0,0,0.026286
SchNet,u0,0.01,0,0,0,0.013877
SchNet,mu,0.01,0,0,0,0.030314
SchNet,zpve,0.01,0,0,0,0.001678
SchNet,alpha,0.01,0,0,0,0.069879
SchNet,h298,0.01,0,0,0,0.014038
SchNet,homo,0.01,0,0,0,0.032011
SchNet,r2,0.01,0,0,0,0.137534
SchNet,u298,0.01,0,0,0,0.014066
SchNet,g298,0.01,0,0,0,0.014176
SchNet,cv,0.5,1.5,0,0.5,0.031681
SchNet,gap,0.5,1.5,0,0.5,0.049911
SchNet,lumo,0.5,1.5,0,0.5,0.025899
SchNet,u0,0.5,1.5,0,0.5,0.01396
SchNet,mu,0.5,1.5,0,0.5,0.030631
SchNet,zpve,0.5,1.5,0,0.5,0.001703
SchNet,alpha,0.5,1.5,0,0.5,0.068099
SchNet,h298,0.5,1.5,0,0.5,0.01438
SchNet,homo,0.5,1.5,0,0.5,0.03221
SchNet,r2,0.5,1.5,0,0.5,0.133393
SchNet,u298,0.5,1.5,0,0.5,0.014139
SchNet,g298,0.5,1.5,0,0.5,0.014205
SchNet,cv,0.5,0,0,1,0.031938
SchNet,gap,0.5,0,0,1,0.050314
SchNet,lumo,0.5,0,0,1,0.025826
SchNet,u0,0.5,0,0,1,0.013932
SchNet,mu,0.5,0,0,1,0.030873
SchNet,zpve,0.5,0,0,1,0.00173
SchNet,alpha,0.5,0,0,1,0.069336
SchNet,h298,0.5,0,0,1,0.01413
SchNet,homo,0.5,0,0,1,0.032063
SchNet,r2,0.5,0,0,1,0.129088
SchNet,u298,0.5,0,0,1,0.014033
SchNet,g298,0.5,0,0,1,0.013873
SchNet,cv,0.5,1.5,1.5,0.5,0.031637
SchNet,gap,0.5,1.5,1.5,0.5,0.050829
SchNet,lumo,0.5,1.5,1.5,0.5,0.026363
SchNet,u0,0.5,1.5,1.5,0.5,0.013888
SchNet,mu,0.5,1.5,1.5,0.5,0.031009
SchNet,zpve,0.5,1.5,1.5,0.5,0.001718
SchNet,alpha,0.5,1.5,1.5,0.5,0.068742
SchNet,h298,0.5,1.5,1.5,0.5,0.01423
SchNet,homo,0.5,1.5,1.5,0.5,0.031685
SchNet,r2,0.5,1.5,1.5,0.5,0.135411
SchNet,u298,0.5,1.5,1.5,0.5,0.014075
SchNet,g298,0.5,1.5,1.5,0.5,0.014319
SchNet,cv,0.5,0,-1.5,1,0.031627
SchNet,gap,0.5,0,-1.5,1,0.050307
SchNet,lumo,0.5,0,-1.5,1,0.026092
SchNet,u0,0.5,0,-1.5,1,0.013813
SchNet,mu,0.5,0,-1.5,1,0.030635
SchNet,zpve,0.5,0,-1.5,1,0.001696
SchNet,alpha,0.5,0,-1.5,1,0.069574
SchNet,h298,0.5,0,-1.5,1,0.014047
SchNet,homo,0.5,0,-1.5,1,0.031626
SchNet,r2,0.5,0,-1.5,1,0.138487
SchNet,u298,0.5,0,-1.5,1,0.013909
SchNet,g298,0.5,0,-1.5,1,0.014036
SchNet,cv,1.0,0,0,0.5,0.032062
SchNet,gap,1.0,0,0,0.5,0.050654
SchNet,lumo,1.0,0,0,0.5,0.026283
SchNet,u0,1.0,0,0,0.5,0.013929
SchNet,mu,1.0,0,0,0.5,0.030155
SchNet,zpve,1.0,0,0,0.5,0.001697
SchNet,alpha,1.0,0,0,0.5,0.06978
SchNet,h298,1.0,0,0,0.5,0.014405
SchNet,homo,1.0,0,0,0.5,0.032068
SchNet,r2,1.0,0,0,0.5,0.13414
SchNet,u298,1.0,0,0,0.5,0.014218
SchNet,g298,1.0,0,0,0.5,0.014222
SchNet,cv,1.0,0,1.5,0.5,0.031652
SchNet,gap,1.0,0,1.5,0.5,0.050533
SchNet,lumo,1.0,0,1.5,0.5,0.026124
SchNet,u0,1.0,0,1.5,0.5,0.013732
SchNet,mu,1.0,0,1.5,0.5,0.029893
SchNet,zpve,1.0,0,1.5,0.5,0.001706
SchNet,alpha,1.0,0,1.5,0.5,0.069813
SchNet,h298,1.0,0,1.5,0.5,0.014271
SchNet,homo,1.0,0,1.5,0.5,0.032075
SchNet,r2,1.0,0,1.5,0.5,0.13584
SchNet,u298,1.0,0,1.5,0.5,0.014185
SchNet,g298,1.0,0,1.5,0.5,0.013964
SchNet,cv,1.0,0,1.5,1,0.03147
SchNet,gap,1.0,0,1.5,1,0.050648
SchNet,lumo,1.0,0,1.5,1,0.026088
SchNet,u0,1.0,0,1.5,1,0.013689
SchNet,mu,1.0,0,1.5,1,0.030525
SchNet,zpve,1.0,0,1.5,1,0.001674
SchNet,alpha,1.0,0,1.5,1,0.069146
SchNet,h298,1.0,0,1.5,1,0.014243
SchNet,homo,1.0,0,1.5,1,0.032031
SchNet,r2,1.0,0,1.5,1,0.13609
SchNet,u298,1.0,0,1.5,1,0.014436
SchNet,g298,1.0,0,1.5,1,0.014319
SchNet,cv,0.01,0,0,1,0.031558
SchNet,gap,0.01,0,0,1,0.051076
SchNet,lumo,0.01,0,0,1,0.026032
SchNet,u0,0.01,0,0,1,0.013962
SchNet,mu,0.01,0,0,1,0.030418
SchNet,zpve,0.01,0,0,1,0.001712
SchNet,alpha,0.01,0,0,1,0.068757
SchNet,h298,0.01,0,0,1,0.014286
SchNet,homo,0.01,0,0,1,0.032015
SchNet,r2,0.01,0,0,1,0.133521
SchNet,u298,0.01,0,0,1,0.014093
SchNet,g298,0.01,0,0,1,0.013729
SchNet,cv,0.01,1.5,1.5,0.5,0.03195
SchNet,gap,0.01,1.5,1.5,0.5,0.050602
SchNet,lumo,0.01,1.5,1.5,0.5,0.025852
SchNet,u0,0.01,1.5,1.5,0.5,0.013558
SchNet,mu,0.01,1.5,1.5,0.5,0.030461
SchNet,zpve,0.01,1.5,1.5,0.5,0.00171
SchNet,alpha,0.01,1.5,1.5,0.5,0.07037
SchNet,h298,0.01,1.5,1.5,0.5,0.014328
SchNet,homo,0.01,1.5,1.5,0.5,0.031907
SchNet,r2,0.01,1.5,1.5,0.5,0.128283
SchNet,u298,0.01,1.5,1.5,0.5,0.014525
SchNet,g298,0.01,1.5,1.5,0.5,0.014298
SchNet,cv,0.5,-1.5,0,0.5,0.032151
SchNet,gap,0.5,-1.5,0,0.5,0.050716
SchNet,lumo,0.5,-1.5,0,0.5,0.026472
SchNet,u0,0.5,-1.5,0,0.5,0.014266
SchNet,mu,0.5,-1.5,0,0.5,0.031154
SchNet,zpve,0.5,-1.5,0,0.5,0.001702
SchNet,alpha,0.5,-1.5,0,0.5,0.069472
SchNet,h298,0.5,-1.5,0,0.5,0.013888
SchNet,homo,0.5,-1.5,0,0.5,0.032293
SchNet,r2,0.5,-1.5,0,0.5,0.133194
SchNet,u298,0.5,-1.5,0,0.5,0.014042
SchNet,g298,0.5,-1.5,0,0.5,0.013988
SchNet,cv,0.5,0,1.5,0,0.032045
SchNet,gap,0.5,0,1.5,0,0.049967
SchNet,lumo,0.5,0,1.5,0,0.025831
SchNet,u0,0.5,0,1.5,0,0.013832
SchNet,mu,0.5,0,1.5,0,0.030653
SchNet,zpve,0.5,0,1.5,0,0.001721
SchNet,alpha,0.5,0,1.5,0,0.070539
SchNet,h298,0.5,0,1.5,0,0.013924
SchNet,homo,0.5,0,1.5,0,0.032084
SchNet,r2,0.5,0,1.5,0,0.130942
SchNet,u298,0.5,0,1.5,0,0.014296
SchNet,g298,0.5,0,1.5,0,0.014258
SchNet,cv,0.5,0,-1.5,0,0.031831
SchNet,gap,0.5,0,-1.5,0,0.049547
SchNet,lumo,0.5,0,-1.5,0,0.026167
SchNet,u0,0.5,0,-1.5,0,0.014055
SchNet,mu,0.5,0,-1.5,0,0.030868
SchNet,zpve,0.5,0,-1.5,0,0.001702
SchNet,alpha,0.5,0,-1.5,0,0.069146
SchNet,h298,0.5,0,-1.5,0,0.014312
SchNet,homo,0.5,0,-1.5,0,0.031955
SchNet,r2,0.5,0,-1.5,0,0.134265
SchNet,u298,0.5,0,-1.5,0,0.013869
SchNet,g298,0.5,0,-1.5,0,0.01398
SchNet,cv,0.01,0,1.5,1,0.031525
SchNet,gap,0.01,0,1.5,1,0.050377
SchNet,lumo,0.01,0,1.5,1,0.026175
SchNet,u0,0.01,0,1.5,1,0.013416
SchNet,mu,0.01,0,1.5,1,0.030931
SchNet,zpve,0.01,0,1.5,1,0.00171
SchNet,alpha,0.01,0,1.5,1,0.070718
SchNet,h298,0.01,0,1.5,1,0.014134
SchNet,homo,0.01,0,1.5,1,0.032299
SchNet,r2,0.01,0,1.5,1,0.136234
SchNet,u298,0.01,0,1.5,1,0.014396
SchNet,g298,0.01,0,1.5,1,0.014017
SchNet,cv,0.01,1.5,-1.5,0.5,0.031979
SchNet,gap,0.01,1.5,-1.5,0.5,0.049873
SchNet,lumo,0.01,1.5,-1.5,0.5,0.026198
SchNet,u0,0.01,1.5,-1.5,0.5,0.013575
SchNet,mu,0.01,1.5,-1.5,0.5,0.030936
SchNet,zpve,0.01,1.5,-1.5,0.5,0.00169
SchNet,alpha,0.01,1.5,-1.5,0.5,0.070115
SchNet,h298,0.01,1.5,-1.5,0.5,0.013797
SchNet,homo,0.01,1.5,-1.5,0.5,0.032183
SchNet,r2,0.01,1.5,-1.5,0.5,0.138069
SchNet,u298,0.01,1.5,-1.5,0.5,0.013948
SchNet,g298,0.01,1.5,-1.5,0.5,0.01388
SchNet,cv,0.01,-1.5,-1.5,0.5,0.032008
SchNet,gap,0.01,-1.5,-1.5,0.5,0.050117
SchNet,lumo,0.01,-1.5,-1.5,0.5,0.025705
SchNet,u0,0.01,-1.5,-1.5,0.5,0.014501
SchNet,mu,0.01,-1.5,-1.5,0.5,0.030687
SchNet,zpve,0.01,-1.5,-1.5,0.5,0.001711
SchNet,alpha,0.01,-1.5,-1.5,0.5,0.071408
SchNet,h298,0.01,-1.5,-1.5,0.5,0.014228
SchNet,homo,0.01,-1.5,-1.5,0.5,0.031968
SchNet,r2,0.01,-1.5,-1.5,0.5,0.130595
SchNet,u298,0.01,-1.5,-1.5,0.5,0.013904
SchNet,g298,0.01,-1.5,-1.5,0.5,0.014126
SchNet,cv,0.5,0,-1.5,0.5,0.031687
SchNet,gap,0.5,0,-1.5,0.5,0.050574
SchNet,lumo,0.5,0,-1.5,0.5,0.026091
SchNet,u0,0.5,0,-1.5,0.5,0.014272
SchNet,mu,0.5,0,-1.5,0.5,0.030526
SchNet,zpve,0.5,0,-1.5,0.5,0.001709
SchNet,alpha,0.5,0,-1.5,0.5,0.068349
SchNet,h298,0.5,0,-1.5,0.5,0.013934
SchNet,homo,0.5,0,-1.5,0.5,0.032345
SchNet,r2,0.5,0,-1.5,0.5,0.132211
SchNet,u298,0.5,0,-1.5,0.5,0.013921
SchNet,g298,0.5,0,-1.5,0.5,0.014274
SchNet,cv,1.0,0,0,0,0.03189
SchNet,gap,1.0,0,0,0,0.05006
SchNet,lumo,1.0,0,0,0,0.02592
SchNet,u0,1.0,0,0,0,0.013608
SchNet,mu,1.0,0,0,0,0.030075
SchNet,zpve,1.0,0,0,0,0.001709
SchNet,alpha,1.0,0,0,0,0.070279
SchNet,h298,1.0,0,0,0,0.013994
SchNet,homo,1.0,0,0,0,0.032144
SchNet,r2,1.0,0,0,0,0.134489
SchNet,u298,1.0,0,0,0,0.014246
SchNet,g298,1.0,0,0,0,0.014212
SchNet,cv,1.0,1.5,0,0.5,0.031843
SchNet,gap,1.0,1.5,0,0.5,0.050365
SchNet,lumo,1.0,1.5,0,0.5,0.026049
SchNet,u0,1.0,1.5,0,0.5,0.014021
SchNet,mu,1.0,1.5,0,0.5,0.029838
SchNet,zpve,1.0,1.5,0,0.5,0.001701
SchNet,alpha,1.0,1.5,0,0.5,0.069894
SchNet,h298,1.0,1.5,0,0.5,0.014235
SchNet,homo,1.0,1.5,0,0.5,0.031385
SchNet,r2,1.0,1.5,0,0.5,0.131713
SchNet,u298,1.0,1.5,0,0.5,0.013952
SchNet,g298,1.0,1.5,0,0.5,0.014314
SchNet,cv,1.0,0,-1.5,0.5,0.032144
SchNet,gap,1.0,0,-1.5,0.5,0.050022
SchNet,lumo,1.0,0,-1.5,0.5,0.02574
SchNet,u0,1.0,0,-1.5,0.5,0.013888
SchNet,mu,1.0,0,-1.5,0.5,0.030128
SchNet,zpve,1.0,0,-1.5,0.5,0.001699
SchNet,alpha,1.0,0,-1.5,0.5,0.069349
SchNet,h298,1.0,0,-1.5,0.5,0.014292
SchNet,homo,1.0,0,-1.5,0.5,0.031874
SchNet,r2,1.0,0,-1.5,0.5,0.135786
SchNet,u298,1.0,0,-1.5,0.5,0.014093
SchNet,g298,1.0,0,-1.5,0.5,0.014503
SchNet,cv,1.0,-1.5,0,0.5,0.031736
SchNet,gap,1.0,-1.5,0,0.5,0.050111
SchNet,lumo,1.0,-1.5,0,0.5,0.026424
SchNet,u0,1.0,-1.5,0,0.5,0.014008
SchNet,mu,1.0,-1.5,0,0.5,0.030628
SchNet,zpve,1.0,-1.5,0,0.5,0.001705
SchNet,alpha,1.0,-1.5,0,0.5,0.069008
SchNet,h298,1.0,-1.5,0,0.5,0.014233
SchNet,homo,1.0,-1.5,0,0.5,0.031958
SchNet,r2,1.0,-1.5,0,0.5,0.135822
SchNet,u298,1.0,-1.5,0,0.5,0.014205
SchNet,g298,1.0,-1.5,0,0.5,0.014267
SphereNet,cv,1.0,-1.5,-1.5,0.5,0.024483
SphereNet,gap,1.0,-1.5,-1.5,0.5,0.039997
SphereNet,lumo,1.0,-1.5,-1.5,0.5,0.019303
SphereNet,u0,1.0,-1.5,-1.5,0.5,0.006553
SphereNet,mu,1.0,-1.5,-1.5,0.5,0.027052
SphereNet,zpve,1.0,-1.5,-1.5,0.5,0.001245
SphereNet,alpha,1.0,-1.5,-1.5,0.5,0.04647
SphereNet,h298,1.0,-1.5,-1.5,0.5,0.007211
SphereNet,homo,1.0,-1.5,-1.5,0.5,0.022043
SphereNet,r2,1.0,-1.5,-1.5,0.5,0.271365
SphereNet,u298,1.0,-1.5,-1.5,0.5,0.007198
SphereNet,g298,1.0,-1.5,-1.5,0.5,0.00815
SphereNet,cv,1.0,-1.5,1.5,0.5,0.024405
SphereNet,gap,1.0,-1.5,1.5,0.5,0.040052
SphereNet,lumo,1.0,-1.5,1.5,0.5,0.019115
SphereNet,u0,1.0,-1.5,1.5,0.5,0.006743
SphereNet,mu,1.0,-1.5,1.5,0.5,0.027022
SphereNet,zpve,1.0,-1.5,1.5,0.5,0.001271
SphereNet,alpha,1.0,-1.5,1.5,0.5,0.047971
SphereNet,h298,1.0,-1.5,1.5,0.5,0.006767
SphereNet,homo,1.0,-1.5,1.5,0.5,0.022179
SphereNet,r2,1.0,-1.5,1.5,0.5,0.265356
SphereNet,u298,1.0,-1.5,1.5,0.5,0.007263
SphereNet,g298,1.0,-1.5,1.5,0.5,0.008236
SphereNet,cv,0.01,0,0,0.5,0.024308
SphereNet,gap,0.01,0,0,0.5,0.040212
SphereNet,lumo,0.01,0,0,0.5,0.019149
SphereNet,u0,0.01,0,0,0.5,0.006828
SphereNet,mu,0.01,0,0,0.5,0.026911
SphereNet,zpve,0.01,0,0,0.5,0.001247
SphereNet,alpha,0.01,0,0,0.5,0.046909
SphereNet,h298,0.01,0,0,0.5,0.006377
SphereNet,homo,0.01,0,0,0.5,0.021766
SphereNet,r2,0.01,0,0,0.5,0.259422
SphereNet,u298,0.01,0,0,0.5,0.006937
SphereNet,g298,0.01,0,0,0.5,0.007913
SphereNet,cv,0.5,-1.5,-1.5,0.5,0.024016
SphereNet,gap,0.5,-1.5,-1.5,0.5,0.039972
SphereNet,lumo,0.5,-1.5,-1.5,0.5,0.019093
SphereNet,u0,0.5,-1.5,-1.5,0.5,0.006736
SphereNet,mu,0.5,-1.5,-1.5,0.5,0.027082
SphereNet,zpve,0.5,-1.5,-1.5,0.5,0.001238
SphereNet,alpha,0.5,-1.5,-1.5,0.5,0.047864
SphereNet,h298,0.5,-1.5,-1.5,0.5,0.00721
SphereNet,homo,0.5,-1.5,-1.5,0.5,0.021954
SphereNet,r2,0.5,-1.5,-1.5,0.5,0.259265
SphereNet,u298,0.5,-1.5,-1.5,0.5,0.00681
SphereNet,g298,0.5,-1.5,-1.5,0.5,0.008632
SphereNet,cv,0.5,0,1.5,1,0.024174
SphereNet,gap,0.5,0,1.5,1,0.040225
SphereNet,lumo,0.5,0,1.5,1,0.01895
SphereNet,u0,0.5,0,1.5,1,0.006775
SphereNet,mu,0.5,0,1.5,1,0.026685
SphereNet,zpve,0.5,0,1.5,1,0.001242
SphereNet,alpha,0.5,0,1.5,1,0.047093
SphereNet,h298,0.5,0,1.5,1,0.006606
SphereNet,homo,0.5,0,1.5,1,0.021813
SphereNet,r2,0.5,0,1.5,1,0.266775
SphereNet,u298,0.5,0,1.5,1,0.006885
SphereNet,g298,0.5,0,1.5,1,0.007829
SphereNet,cv,0.5,1.5,-1.5,0.5,0.024494
SphereNet,gap,0.5,1.5,-1.5,0.5,0.039705
SphereNet,lumo,0.5,1.5,-1.5,0.5,0.019045
SphereNet,u0,0.5,1.5,-1.5,0.5,0.006871
SphereNet,mu,0.5,1.5,-1.5,0.5,0.027514
SphereNet,zpve,0.5,1.5,-1.5,0.5,0.001247
SphereNet,alpha,0.5,1.5,-1.5,0.5,0.047006
SphereNet,h298,0.5,1.5,-1.5,0.5,0.006541
SphereNet,homo,0.5,1.5,-1.5,0.5,0.022178
SphereNet,r2,0.5,1.5,-1.5,0.5,0.264787
SphereNet,u298,0.5,1.5,-1.5,0.5,0.006746
SphereNet,g298,0.5,1.5,-1.5,0.5,0.008125
SphereNet,cv,1.0,0,-1.5,0,0.024481
SphereNet,gap,1.0,0,-1.5,0,0.040087
SphereNet,lumo,1.0,0,-1.5,0,0.019077
SphereNet,u0,1.0,0,-1.5,0,0.007422
SphereNet,mu,1.0,0,-1.5,0,0.027233
SphereNet,zpve,1.0,0,-1.5,0,0.001251
SphereNet,alpha,1.0,0,-1.5,0,0.047315
SphereNet,h298,1.0,0,-1.5,0,0.007448
SphereNet,homo,1.0,0,-1.5,0,0.021949
SphereNet,r2,1.0,0,-1.5,0,0.266289
SphereNet,u298,1.0,0,-1.5,0,0.007196
SphereNet,g298,1.0,0,-1.5,0,0.007884
SphereNet,cv,0.5,0,0,0,0.024127
SphereNet,gap,0.5,0,0,0,0.039524
SphereNet,lumo,0.5,0,0,0,0.019202
SphereNet,u0,0.5,0,0,0,0.006657
SphereNet,mu,0.5,0,0,0,0.026827
SphereNet,zpve,0.5,0,0,0,0.001236
SphereNet,alpha,0.5,0,0,0,0.046588
SphereNet,h298,0.5,0,0,0,0.006757
SphereNet,homo,0.5,0,0,0,0.021955
SphereNet,r2,0.5,0,0,0,0.262086
SphereNet,u298,0.5,0,0,0,0.006799
SphereNet,g298,0.5,0,0,0,0.00824
SphereNet,cv,0.5,0,0,0.5,0.024507
SphereNet,gap,0.5,0,0,0.5,0.040059
SphereNet,lumo,0.5,0,0,0.5,0.018874
SphereNet,u0,0.5,0,0,0.5,0.006567
SphereNet,mu,0.5,0,0,0.5,0.027041
SphereNet,zpve,0.5,0,0,0.5,0.001264
SphereNet,alpha,0.5,0,0,0.5,0.046303
SphereNet,h298,0.5,0,0,0.5,0.00688
SphereNet,homo,0.5,0,0,0.5,0.021915
SphereNet,r2,0.5,0,0,0.5,0.271028
SphereNet,u298,0.5,0,0,0.5,0.006816
SphereNet,g298,0.5,0,0,0.5,0.008219
SphereNet,cv,1.0,0,1.5,0,0.024784
SphereNet,gap,1.0,0,1.5,0,0.03953
SphereNet,lumo,1.0,0,1.5,0,0.019225
SphereNet,u0,1.0,0,1.5,0,0.006655
SphereNet,mu,1.0,0,1.5,0,0.026919
SphereNet,zpve,1.0,0,1.5,0,0.001271
SphereNet,alpha,1.0,0,1.5,0,0.047163
SphereNet,h298,1.0,0,1.5,0,0.00679
SphereNet,homo,1.0,0,1.5,0,0.022234
SphereNet,r2,1.0,0,1.5,0,0.260961
SphereNet,u298,1.0,0,1.5,0,0.006932
SphereNet,g298,1.0,0,1.5,0,0.008025
SphereNet,cv,1.0,0,0,1,0.024609
SphereNet,gap,1.0,0,0,1,0.040242
SphereNet,lumo,1.0,0,0,1,0.019151
SphereNet,u0,1.0,0,0,1,0.006874
SphereNet,mu,1.0,0,0,1,0.026866
SphereNet,zpve,1.0,0,0,1,0.001241
SphereNet,alpha,1.0,0,0,1,0.047667
SphereNet,h298,1.0,0,0,1,0.006799
SphereNet,homo,1.0,0,0,1,0.022033
SphereNet,r2,1.0,0,0,1,0.260609
SphereNet,u298,1.0,0,0,1,0.006993
SphereNet,g298,1.0,0,0,1,0.008354
SphereNet,cv,1.0,1.5,-1.5,0.5,0.024519
SphereNet,gap,1.0,1.5,-1.5,0.5,0.040048
SphereNet,lumo,1.0,1.5,-1.5,0.5,0.019358
SphereNet,u0,1.0,1.5,-1.5,0.5,0.006673
SphereNet,mu,1.0,1.5,-1.5,0.5,0.027028
SphereNet,zpve,1.0,1.5,-1.5,0.5,0.001286
SphereNet,alpha,1.0,1.5,-1.5,0.5,0.046911
SphereNet,h298,1.0,1.5,-1.5,0.5,0.007258
SphereNet,homo,1.0,1.5,-1.5,0.5,0.022053
SphereNet,r2,1.0,1.5,-1.5,0.5,0.268477
SphereNet,u298,1.0,1.5,-1.5,0.5,0.006979
SphereNet,g298,1.0,1.5,-1.5,0.5,0.008418
SphereNet,cv,1.0,0,-1.5,1,0.024554
SphereNet,gap,1.0,0,-1.5,1,0.03947
SphereNet,lumo,1.0,0,-1.5,1,0.019062
SphereNet,u0,1.0,0,-1.5,1,0.006958
SphereNet,mu,1.0,0,-1.5,1,0.027287
SphereNet,zpve,1.0,0,-1.5,1,0.001289
SphereNet,alpha,1.0,0,-1.5,1,0.048311
SphereNet,h298,1.0,0,-1.5,1,0.006966
SphereNet,homo,1.0,0,-1.5,1,0.021777
SphereNet,r2,1.0,0,-1.5,1,0.254661
SphereNet,u298,1.0,0,-1.5,1,0.006875
SphereNet,g298,1.0,0,-1.5,1,0.008344
SphereNet,gap,0.01,1.5,0,0.5,0.039901
SphereNet,lumo,0.01,1.5,0,0.5,0.018976
SphereNet,u0,0.01,1.5,0,0.5,0.006471
SphereNet,mu,0.01,1.5,0,0.5,0.027155
SphereNet,zpve,0.01,1.5,0,0.5,0.001227
SphereNet,alpha,0.01,1.5,0,0.5,0.04787
SphereNet,h298,0.01,1.5,0,0.5,0.006838
SphereNet,homo,0.01,1.5,0,0.5,0.021953
SphereNet,r2,0.01,1.5,0,0.5,0.265491
SphereNet,u298,0.01,1.5,0,0.5,0.006847
SphereNet,g298,0.01,1.5,0,0.5,0.007783
SphereNet,cv,0.5,-1.5,1.5,0.5,0.024376
SphereNet,gap,0.5,-1.5,1.5,0.5,0.040122
SphereNet,lumo,0.5,-1.5,1.5,0.5,0.018934
SphereNet,u0,0.5,-1.5,1.5,0.5,0.006591
SphereNet,mu,0.5,-1.5,1.5,0.5,0.027079
SphereNet,zpve,0.5,-1.5,1.5,0.5,0.001231
SphereNet,alpha,0.5,-1.5,1.5,0.5,0.046789
SphereNet,h298,0.5,-1.5,1.5,0.5,0.007111
SphereNet,homo,0.5,-1.5,1.5,0.5,0.021849
SphereNet,r2,0.5,-1.5,1.5,0.5,0.261528
SphereNet,u298,0.5,-1.5,1.5,0.5,0.006409
SphereNet,g298,0.5,-1.5,1.5,0.5,0.007809
SphereNet,cv,0.01,0,-1.5,0,0.024244
SphereNet,gap,0.01,0,-1.5,0,0.039869
SphereNet,lumo,0.01,0,-1.5,0,0.019202
SphereNet,u0,0.01,0,-1.5,0,0.006424
SphereNet,mu,0.01,0,-1.5,0,0.026772
SphereNet,zpve,0.01,0,-1.5,0,0.001219
SphereNet,alpha,0.01,0,-1.5,0,0.04658
SphereNet,h298,0.01,0,-1.5,0,0.006585
SphereNet,homo,0.01,0,-1.5,0,0.021958
SphereNet,r2,0.01,0,-1.5,0,0.2592
SphereNet,u298,0.01,0,-1.5,0,0.006728
SphereNet,g298,0.01,0,-1.5,0,0.008
SphereNet,cv,0.01,0,-1.5,0.5,0.024773
SphereNet,gap,0.01,0,-1.5,0.5,0.039918
SphereNet,lumo,0.01,0,-1.5,0.5,0.019145
SphereNet,u0,0.01,0,-1.5,0.5,0.007176
SphereNet,mu,0.01,0,-1.5,0.5,0.027147
SphereNet,zpve,0.01,0,-1.5,0.5,0.00121
SphereNet,alpha,0.01,0,-1.5,0.5,0.047309
SphereNet,h298,0.01,0,-1.5,0.5,0.006682
SphereNet,homo,0.01,0,-1.5,0.5,0.022031
SphereNet,r2,0.01,0,-1.5,0.5,0.258489
SphereNet,u298,0.01,0,-1.5,0.5,0.006649
SphereNet,g298,0.01,0,-1.5,0.5,0.007936
SphereNet,cv,0.5,0,1.5,0.5,0.024449
SphereNet,gap,0.5,0,1.5,0.5,0.040243
SphereNet,lumo,0.5,0,1.5,0.5,0.019126
SphereNet,u0,0.5,0,1.5,0.5,0.00671
SphereNet,mu,0.5,0,1.5,0.5,0.026753
SphereNet,zpve,0.5,0,1.5,0.5,0.001252
SphereNet,alpha,0.5,0,1.5,0.5,0.046859
SphereNet,h298,0.5,0,1.5,0.5,0.007145
SphereNet,homo,0.5,0,1.5,0.5,0.021952
SphereNet,r2,0.5,0,1.5,0.5,0.263085
SphereNet,u298,0.5,0,1.5,0.5,0.006748
SphereNet,g298,0.5,0,1.5,0.5,0.007808
SphereNet,cv,1.0,1.5,1.5,0.5,0.024427
SphereNet,gap,1.0,1.5,1.5,0.5,0.039969
SphereNet,lumo,1.0,1.5,1.5,0.5,0.019219
SphereNet,u0,1.0,1.5,1.5,0.5,0.006566
SphereNet,mu,1.0,1.5,1.5,0.5,0.027121
SphereNet,zpve,1.0,1.5,1.5,0.5,0.001238
SphereNet,alpha,1.0,1.5,1.5,0.5,0.04662
SphereNet,h298,1.0,1.5,1.5,0.5,0.006874
SphereNet,homo,1.0,1.5,1.5,0.5,0.021988
SphereNet,r2,1.0,1.5,1.5,0.5,0.263846
SphereNet,u298,1.0,1.5,1.5,0.5,0.007109
SphereNet,g298,1.0,1.5,1.5,0.5,0.008256
SphereNet,cv,0.01,-1.5,0,0.5,0.024638
SphereNet,gap,0.01,-1.5,0,0.5,0.040031
SphereNet,lumo,0.01,-1.5,0,0.5,0.019079
SphereNet,u0,0.01,-1.5,0,0.5,0.006617
SphereNet,mu,0.01,-1.5,0,0.5,0.027067
SphereNet,zpve,0.01,-1.5,0,0.5,0.001235
SphereNet,alpha,0.01,-1.5,0,0.5,0.047335
SphereNet,h298,0.01,-1.5,0,0.5,0.006877
SphereNet,homo,0.01,-1.5,0,0.5,0.022064
SphereNet,r2,0.01,-1.5,0,0.5,0.261562
SphereNet,u298,0.01,-1.5,0,0.5,0.006682
SphereNet,g298,0.01,-1.5,0,0.5,0.007656
SphereNet,cv,0.01,-1.5,1.5,0.5,0.024539
SphereNet,gap,0.01,-1.5,1.5,0.5,0.03988
SphereNet,lumo,0.01,-1.5,1.5,0.5,0.018996
SphereNet,u0,0.01,-1.5,1.5,0.5,0.006515
SphereNet,mu,0.01,-1.5,1.5,0.5,0.026833
SphereNet,zpve,0.01,-1.5,1.5,0.5,0.001216
SphereNet,alpha,0.01,-1.5,1.5,0.5,0.047116
SphereNet,h298,0.01,-1.5,1.5,0.5,0.007269
SphereNet,homo,0.01,-1.5,1.5,0.5,0.022104
SphereNet,r2,0.01,-1.5,1.5,0.5,0.266621
SphereNet,u298,0.01,-1.5,1.5,0.5,0.006873
SphereNet,g298,0.01,-1.5,1.5,0.5,0.008447
SphereNet,cv,0.01,0,-1.5,1,0.024443
SphereNet,gap,0.01,0,-1.5,1,0.039848
SphereNet,lumo,0.01,0,-1.5,1,0.018815
SphereNet,u0,0.01,0,-1.5,1,0.00687
SphereNet,mu,0.01,0,-1.5,1,0.027041
SphereNet,zpve,0.01,0,-1.5,1,0.00124
SphereNet,alpha,0.01,0,-1.5,1,0.047556
SphereNet,h298,0.01,0,-1.5,1,0.00669
SphereNet,homo,0.01,0,-1.5,1,0.022199
SphereNet,r2,0.01,0,-1.5,1,0.262716
SphereNet,u298,0.01,0,-1.5,1,0.006783
SphereNet,g298,0.01,0,-1.5,1,0.008349
SphereNet,cv,0.01,0,1.5,0.5,0.024281
SphereNet,gap,0.01,0,1.5,0.5,0.039962
SphereNet,lumo,0.01,0,1.5,0.5,0.018795
SphereNet,u0,0.01,0,1.5,0.5,0.00654
SphereNet,mu,0.01,0,1.5,0.5,0.027174
SphereNet,zpve,0.01,0,1.5,0.5,0.001242
SphereNet,alpha,0.01,0,1.5,0.5,0.046848
SphereNet,h298,0.01,0,1.5,0.5,0.006988
SphereNet,homo,0.01,0,1.5,0.5,0.022006
SphereNet,r2,0.01,0,1.5,0.5,0.268406
SphereNet,u298,0.01,0,1.5,0.5,0.006428
SphereNet,g298,0.01,0,1.5,0.5,0.007773
SphereNet,cv,0.01,0,1.5,0,0.024459
SphereNet,gap,0.01,0,1.5,0,0.040228
SphereNet,lumo,0.01,0,1.5,0,0.019279
SphereNet,u0,0.01,0,1.5,0,0.007159
SphereNet,mu,0.01,0,1.5,0,0.027226
SphereNet,zpve,0.01,0,1.5,0,0.001198
SphereNet,alpha,0.01,0,1.5,0,0.046601
SphereNet,h298,0.01,0,1.5,0,0.006561
SphereNet,homo,0.01,0,1.5,0,0.021901
SphereNet,r2,0.01,0,1.5,0,0.256186
SphereNet,u298,0.01,0,1.5,0,0.007013
SphereNet,g298,0.01,0,1.5,0,0.007675
SphereNet,cv,0.01,0,0,0,0.024233
SphereNet,gap,0.01,0,0,0,0.040224
SphereNet,lumo,0.01,0,0,0,0.01875
SphereNet,u0,0.01,0,0,0,0.007184
SphereNet,mu,0.01,0,0,0,0.026814
SphereNet,zpve,0.01,0,0,0,0.001248
SphereNet,alpha,0.01,0,0,0,0.046045
SphereNet,h298,0.01,0,0,0,0.006534
SphereNet,homo,0.01,0,0,0,0.022098
SphereNet,r2,0.01,0,0,0,0.261066
SphereNet,u298,0.01,0,0,0,0.006503
SphereNet,g298,0.01,0,0,0,0.007974
SphereNet,cv,0.5,1.5,0,0.5,0.024174
SphereNet,gap,0.5,1.5,0,0.5,0.040124
SphereNet,lumo,0.5,1.5,0,0.5,0.019367
SphereNet,u0,0.5,1.5,0,0.5,0.006502
SphereNet,mu,0.5,1.5,0,0.5,0.027541
SphereNet,zpve,0.5,1.5,0,0.5,0.001236
SphereNet,alpha,0.5,1.5,0,0.5,0.0469
SphereNet,h298,0.5,1.5,0,0.5,0.006661
SphereNet,homo,0.5,1.5,0,0.5,0.021922
SphereNet,r2,0.5,1.5,0,0.5,0.262755
SphereNet,u298,0.5,1.5,0,0.5,0.006597
SphereNet,g298,0.5,1.5,0,0.5,0.008142
SphereNet,cv,0.5,0,0,1,0.024001
SphereNet,gap,0.5,0,0,1,0.040193
SphereNet,lumo,0.5,0,0,1,0.019048
SphereNet,u0,0.5,0,0,1,0.006817
SphereNet,mu,0.5,0,0,1,0.027332
SphereNet,zpve,0.5,0,0,1,0.001235
SphereNet,alpha,0.5,0,0,1,0.045814
SphereNet,h298,0.5,0,0,1,0.006937
SphereNet,homo,0.5,0,0,1,0.021941
SphereNet,r2,0.5,0,0,1,0.266626
SphereNet,u298,0.5,0,0,1,0.007188
SphereNet,g298,0.5,0,0,1,0.007814
SphereNet,cv,0.5,1.5,1.5,0.5,0.024431
SphereNet,gap,0.5,1.5,1.5,0.5,0.040401
SphereNet,lumo,0.5,1.5,1.5,0.5,0.019147
SphereNet,u0,0.5,1.5,1.5,0.5,0.006969
SphereNet,mu,0.5,1.5,1.5,0.5,0.026976
SphereNet,zpve,0.5,1.5,1.5,0.5,0.001237
SphereNet,alpha,0.5,1.5,1.5,0.5,0.046758
SphereNet,h298,0.5,1.5,1.5,0.5,0.006364
SphereNet,homo,0.5,1.5,1.5,0.5,0.021904
SphereNet,r2,0.5,1.5,1.5,0.5,0.259296
SphereNet,u298,0.5,1.5,1.5,0.5,0.006537
SphereNet,g298,0.5,1.5,1.5,0.5,0.008005
SphereNet,cv,0.5,0,-1.5,1,0.024485
SphereNet,gap,0.5,0,-1.5,1,0.040246
SphereNet,lumo,0.5,0,-1.5,1,0.018879
SphereNet,u0,0.5,0,-1.5,1,0.007166
SphereNet,mu,0.5,0,-1.5,1,0.026694
SphereNet,zpve,0.5,0,-1.5,1,0.001245
SphereNet,alpha,0.5,0,-1.5,1,0.048284
SphereNet,h298,0.5,0,-1.5,1,0.006912
SphereNet,homo,0.5,0,-1.5,1,0.02203
SphereNet,r2,0.5,0,-1.5,1,0.260128
SphereNet,u298,0.5,0,-1.5,1,0.006662
SphereNet,g298,0.5,0,-1.5,1,0.008118
SphereNet,cv,1.0,0,0,0.5,0.024525
SphereNet,gap,1.0,0,0,0.5,0.040409
SphereNet,lumo,1.0,0,0,0.5,0.019095
SphereNet,u0,1.0,0,0,0.5,0.0072
SphereNet,mu,1.0,0,0,0.5,0.027219
SphereNet,zpve,1.0,0,0,0.5,0.001251
SphereNet,alpha,1.0,0,0,0.5,0.047211
SphereNet,h298,1.0,0,0,0.5,0.007177
SphereNet,homo,1.0,0,0,0.5,0.022306
SphereNet,r2,1.0,0,0,0.5,0.261852
SphereNet,u298,1.0,0,0,0.5,0.007239
SphereNet,g298,1.0,0,0,0.5,0.008364
SphereNet,cv,1.0,0,1.5,0.5,0.024384
SphereNet,gap,1.0,0,1.5,0.5,0.040182
SphereNet,lumo,1.0,0,1.5,0.5,0.019157
SphereNet,u0,1.0,0,1.5,0.5,0.006845
SphereNet,mu,1.0,0,1.5,0.5,0.027439
SphereNet,zpve,1.0,0,1.5,0.5,0.001243
SphereNet,alpha,1.0,0,1.5,0.5,0.047095
SphereNet,h298,1.0,0,1.5,0.5,0.006991
SphereNet,homo,1.0,0,1.5,0.5,0.02181
SphereNet,r2,1.0,0,1.5,0.5,0.260985
SphereNet,u298,1.0,0,1.5,0.5,0.006802
SphereNet,g298,1.0,0,1.5,0.5,0.008428
SphereNet,cv,1.0,0,1.5,1,0.024526
SphereNet,gap,1.0,0,1.5,1,0.040241
SphereNet,lumo,1.0,0,1.5,1,0.019038
SphereNet,u0,1.0,0,1.5,1,0.007177
SphereNet,mu,1.0,0,1.5,1,0.027415
SphereNet,zpve,1.0,0,1.5,1,0.001278
SphereNet,alpha,1.0,0,1.5,1,0.047881
SphereNet,h298,1.0,0,1.5,1,0.007437
SphereNet,homo,1.0,0,1.5,1,0.021946
SphereNet,r2,1.0,0,1.5,1,0.263127
SphereNet,u298,1.0,0,1.5,1,0.006701
SphereNet,g298,1.0,0,1.5,1,0.00786
SphereNet,cv,0.01,0,0,1,0.024568
SphereNet,gap,0.01,0,0,1,0.039565
SphereNet,lumo,0.01,0,0,1,0.018941
SphereNet,u0,0.01,0,0,1,0.007012
SphereNet,mu,0.01,0,0,1,0.026608
SphereNet,zpve,0.01,0,0,1,0.001246
SphereNet,alpha,0.01,0,0,1,0.047596
SphereNet,h298,0.01,0,0,1,0.0067
SphereNet,homo,0.01,0,0,1,0.02207
SphereNet,r2,0.01,0,0,1,0.260617
SphereNet,u298,0.01,0,0,1,0.006587
SphereNet,g298,0.01,0,0,1,0.008169
SphereNet,cv,0.01,1.5,1.5,0.5,0.024433
SphereNet,gap,0.01,1.5,1.5,0.5,0.04004
SphereNet,lumo,0.01,1.5,1.5,0.5,0.018931
SphereNet,u0,0.01,1.5,1.5,0.5,0.006559
SphereNet,mu,0.01,1.5,1.5,0.5,0.027279
SphereNet,zpve,0.01,1.5,1.5,0.5,0.001233
SphereNet,alpha,0.01,1.5,1.5,0.5,0.046369
SphereNet,h298,0.01,1.5,1.5,0.5,0.007229
SphereNet,homo,0.01,1.5,1.5,0.5,0.022054
SphereNet,r2,0.01,1.5,1.5,0.5,0.253406
SphereNet,u298,0.01,1.5,1.5,0.5,0.006695
SphereNet,g298,0.01,1.5,1.5,0.5,0.008157
SphereNet,cv,0.5,-1.5,0,0.5,0.024021
SphereNet,gap,0.5,-1.5,0,0.5,0.039714
SphereNet,lumo,0.5,-1.5,0,0.5,0.019183
SphereNet,u0,0.5,-1.5,0,0.5,0.006695
SphereNet,mu,0.5,-1.5,0,0.5,0.027036
SphereNet,zpve,0.5,-1.5,0,0.5,0.001243
SphereNet,alpha,0.5,-1.5,0,0.5,0.045673
SphereNet,h298,0.5,-1.5,0,0.5,0.00684
SphereNet,homo,0.5,-1.5,0,0.5,0.022174
SphereNet,r2,0.5,-1.5,0,0.5,0.260637
SphereNet,u298,0.5,-1.5,0,0.5,0.006797
SphereNet,g298,0.5,-1.5,0,0.5,0.007959
SphereNet,cv,0.5,0,1.5,0,0.024772
SphereNet,gap,0.5,0,1.5,0,0.0399
SphereNet,lumo,0.5,0,1.5,0,0.019167
SphereNet,u0,0.5,0,1.5,0,0.007074
SphereNet,mu,0.5,0,1.5,0,0.027124
SphereNet,zpve,0.5,0,1.5,0,0.001249
SphereNet,alpha,0.5,0,1.5,0,0.047095
SphereNet,h298,0.5,0,1.5,0,0.006821
SphereNet,homo,0.5,0,1.5,0,0.02201
SphereNet,r2,0.5,0,1.5,0,0.271477
SphereNet,u298,0.5,0,1.5,0,0.006741
SphereNet,g298,0.5,0,1.5,0,0.008188
SphereNet,cv,0.5,0,-1.5,0,0.024267
SphereNet,gap,0.5,0,-1.5,0,0.039875
SphereNet,lumo,0.5,0,-1.5,0,0.019072
SphereNet,u0,0.5,0,-1.5,0,0.007021
SphereNet,mu,0.5,0,-1.5,0,0.027339
SphereNet,zpve,0.5,0,-1.5,0,0.001248
SphereNet,alpha,0.5,0,-1.5,0,0.046536
SphereNet,h298,0.5,0,-1.5,0,0.007154
SphereNet,homo,0.5,0,-1.5,0,0.022065
SphereNet,r2,0.5,0,-1.5,0,0.258561
SphereNet,u298,0.5,0,-1.5,0,0.006927
SphereNet,g298,0.5,0,-1.5,0,0.008124
SphereNet,cv,0.01,0,1.5,1,0.024417
SphereNet,gap,0.01,0,1.5,1,0.040034
SphereNet,lumo,0.01,0,1.5,1,0.019166
SphereNet,u0,0.01,0,1.5,1,0.00687
SphereNet,mu,0.01,0,1.5,1,0.026545
SphereNet,zpve,0.01,0,1.5,1,0.00123
SphereNet,alpha,0.01,0,1.5,1,0.046616
SphereNet,h298,0.01,0,1.5,1,0.00664
SphereNet,homo,0.01,0,1.5,1,0.02204
SphereNet,r2,0.01,0,1.5,1,0.267927
SphereNet,u298,0.01,0,1.5,1,0.00703
SphereNet,g298,0.01,0,1.5,1,0.008344
SphereNet,cv,0.01,1.5,-1.5,0.5,0.024384
SphereNet,gap,0.01,1.5,-1.5,0.5,0.04052
SphereNet,lumo,0.01,1.5,-1.5,0.5,0.01896
SphereNet,u0,0.01,1.5,-1.5,0.5,0.00679
SphereNet,mu,0.01,1.5,-1.5,0.5,0.026839
SphereNet,zpve,0.01,1.5,-1.5,0.5,0.001258
SphereNet,alpha,0.01,1.5,-1.5,0.5,0.047713
SphereNet,h298,0.01,1.5,-1.5,0.5,0.006526
SphereNet,homo,0.01,1.5,-1.5,0.5,0.022143
SphereNet,r2,0.01,1.5,-1.5,0.5,0.257575
SphereNet,u298,0.01,1.5,-1.5,0.5,0.006718
SphereNet,g298,0.01,1.5,-1.5,0.5,0.00785
SphereNet,cv,0.01,-1.5,-1.5,0.5,0.024391
SphereNet,gap,0.01,-1.5,-1.5,0.5,0.039993
SphereNet,lumo,0.01,-1.5,-1.5,0.5,0.019367
SphereNet,u0,0.01,-1.5,-1.5,0.5,0.006815
SphereNet,mu,0.01,-1.5,-1.5,0.5,0.026515
SphereNet,zpve,0.01,-1.5,-1.5,0.5,0.001242
SphereNet,alpha,0.01,-1.5,-1.5,0.5,0.047065
SphereNet,h298,0.01,-1.5,-1.5,0.5,0.006955
SphereNet,homo,0.01,-1.5,-1.5,0.5,0.021806
SphereNet,r2,0.01,-1.5,-1.5,0.5,0.264443
SphereNet,u298,0.01,-1.5,-1.5,0.5,0.006611
SphereNet,g298,0.01,-1.5,-1.5,0.5,0.007778
SphereNet,cv,0.5,0,-1.5,0.5,0.024519
SphereNet,gap,0.5,0,-1.5,0.5,0.040161
SphereNet,lumo,0.5,0,-1.5,0.5,0.019255
SphereNet,u0,0.5,0,-1.5,0.5,0.007205
SphereNet,mu,0.5,0,-1.5,0.5,0.026727
SphereNet,zpve,0.5,0,-1.5,0.5,0.001269
SphereNet,alpha,0.5,0,-1.5,0.5,0.046332
SphereNet,h298,0.5,0,-1.5,0.5,0.006698
SphereNet,homo,0.5,0,-1.5,0.5,0.02207
SphereNet,r2,0.5,0,-1.5,0.5,0.270108
SphereNet,u298,0.5,0,-1.5,0.5,0.006568
SphereNet,g298,0.5,0,-1.5,0.5,0.008273
SphereNet,cv,1.0,0,0,0,0.024593
SphereNet,gap,1.0,0,0,0,0.039638
SphereNet,lumo,1.0,0,0,0,0.019081
SphereNet,u0,1.0,0,0,0,0.00687
SphereNet,mu,1.0,0,0,0,0.027345
SphereNet,zpve,1.0,0,0,0,0.001238
SphereNet,alpha,1.0,0,0,0,0.047723
SphereNet,h298,1.0,0,0,0,0.007017
SphereNet,homo,1.0,0,0,0,0.021894
SphereNet,r2,1.0,0,0,0,0.277246
SphereNet,u298,1.0,0,0,0,0.006727
SphereNet,g298,1.0,0,0,0,0.008358
SphereNet,cv,1.0,1.5,0,0.5,0.024449
SphereNet,gap,1.0,1.5,0,0.5,0.040112
SphereNet,lumo,1.0,1.5,0,0.5,0.019044
SphereNet,u0,1.0,1.5,0,0.5,0.006876
SphereNet,mu,1.0,1.5,0,0.5,0.027064
SphereNet,zpve,1.0,1.5,0,0.5,0.001251
SphereNet,alpha,1.0,1.5,0,0.5,0.046825
SphereNet,h298,1.0,1.5,0,0.5,0.007147
SphereNet,homo,1.0,1.5,0,0.5,0.022076
SphereNet,r2,1.0,1.5,0,0.5,0.263844
SphereNet,u298,1.0,1.5,0,0.5,0.00671
SphereNet,g298,1.0,1.5,0,0.5,0.007892
SphereNet,cv,1.0,0,-1.5,0.5,0.024381
SphereNet,gap,1.0,0,-1.5,0.5,0.040032
SphereNet,lumo,1.0,0,-1.5,0.5,0.019107
SphereNet,u0,1.0,0,-1.5,0.5,0.007164
SphereNet,mu,1.0,0,-1.5,0.5,0.026819
SphereNet,zpve,1.0,0,-1.5,0.5,0.001277
SphereNet,alpha,1.0,0,-1.5,0.5,0.047852
SphereNet,h298,1.0,0,-1.5,0.5,0.006948
SphereNet,homo,1.0,0,-1.5,0.5,0.022156
SphereNet,r2,1.0,0,-1.5,0.5,0.280865
SphereNet,u298,1.0,0,-1.5,0.5,0.006955
SphereNet,g298,1.0,0,-1.5,0.5,0.008583
SphereNet,cv,1.0,-1.5,0,0.5,0.024469
SphereNet,gap,1.0,-1.5,0,0.5,0.039817
SphereNet,lumo,1.0,-1.5,0,0.5,0.019158
SphereNet,u0,1.0,-1.5,0,0.5,0.006961
SphereNet,mu,1.0,-1.5,0,0.5,0.026747
SphereNet,zpve,1.0,-1.5,0,0.5,0.00125
SphereNet,alpha,1.0,-1.5,0,0.5,0.048255
SphereNet,h298,1.0,-1.5,0,0.5,0.006986
SphereNet,homo,1.0,-1.5,0,0.5,0.02202
SphereNet,r2,1.0,-1.5,0,0.5,0.262573
SphereNet,u298,1.0,-1.5,0,0.5,0.007134
SphereNet,g298,1.0,-1.5,0,0.5,0.00816
Equiformer,gap,1.0,-1.5,-1.5,0.5,0.045905
Equiformer,lumo,1.0,-1.5,-1.5,0.5,0.022694
Equiformer,mu,1.0,-1.5,-1.5,0.5,0.021886
Equiformer,alpha,1.0,-1.5,-1.5,0.5,0.06879
Equiformer,homo,1.0,-1.5,-1.5,0.5,0.025748
Equiformer,gap,1.0,-1.5,1.5,0.5,0.045714
Equiformer,lumo,1.0,-1.5,1.5,0.5,0.022694
Equiformer,mu,1.0,-1.5,1.5,0.5,0.021785
Equiformer,alpha,1.0,-1.5,1.5,0.5,0.069567
Equiformer,homo,1.0,-1.5,1.5,0.5,0.025714
Equiformer,gap,0.01,0,0,0.5,0.046005
Equiformer,lumo,0.01,0,0,0.5,0.022878
Equiformer,mu,0.01,0,0,0.5,0.021129
Equiformer,alpha,0.01,0,0,0.5,0.067563
Equiformer,homo,0.01,0,0,0.5,0.025695
Equiformer,gap,0.5,-1.5,-1.5,0.5,0.04613
Equiformer,lumo,0.5,-1.5,-1.5,0.5,0.022465
Equiformer,mu,0.5,-1.5,-1.5,0.5,0.022395
Equiformer,alpha,0.5,-1.5,-1.5,0.5,0.064639
Equiformer,homo,0.5,-1.5,-1.5,0.5,0.025586
Equiformer,gap,0.5,1.5,-1.5,0.5,0.045089
Equiformer,lumo,0.5,1.5,-1.5,0.5,0.023026
Equiformer,mu,0.5,1.5,-1.5,0.5,0.021672
Equiformer,alpha,0.5,1.5,-1.5,0.5,0.066542
Equiformer,homo,0.5,1.5,-1.5,0.5,0.02651
Equiformer,cv,1.0,0,-1.5,0,0.026596
Equiformer,gap,1.0,0,-1.5,0,0.04556
Equiformer,u0,1.0,0,-1.5,0,0.018011
Equiformer,zpve,1.0,0,-1.5,0,0.001711
Equiformer,alpha,1.0,0,-1.5,0,0.068206
Equiformer,h298,1.0,0,-1.5,0,0.014709
Equiformer,homo,1.0,0,-1.5,0,0.025452
Equiformer,r2,1.0,0,-1.5,0,0.474796
Equiformer,u298,1.0,0,-1.5,0,0.02617
Equiformer,g298,1.0,0,-1.5,0,0.013529
Equiformer,cv,0.5,0,0,0,0.027094
Equiformer,gap,0.5,0,0,0,0.04518
Equiformer,lumo,0.5,0,0,0,0.022848
Equiformer,u0,0.5,0,0,0,0.018371
Equiformer,mu,0.5,0,0,0,0.02211
Equiformer,zpve,0.5,0,0,0,0.001635
Equiformer,alpha,0.5,0,0,0,0.067872
Equiformer,h298,0.5,0,0,0,0.017876
Equiformer,homo,0.5,0,0,0,0.025536
Equiformer,r2,0.5,0,0,0,0.403536
Equiformer,u298,0.5,0,0,0,0.016643
Equiformer,g298,0.5,0,0,0,0.012411
Equiformer,gap,0.5,0,0,0.5,0.045392
Equiformer,lumo,0.5,0,0,0.5,0.02303
Equiformer,mu,0.5,0,0,0.5,0.022794
Equiformer,alpha,0.5,0,0,0.5,0.069459
Equiformer,homo,0.5,0,0,0.5,0.025415
Equiformer,cv,1.0,0,1.5,0,0.026959
Equiformer,gap,1.0,0,1.5,0,0.046426
Equiformer,lumo,1.0,0,1.5,0,0.023142
Equiformer,u0,1.0,0,1.5,0,0.018208
Equiformer,mu,1.0,0,1.5,0,0.021851
Equiformer,zpve,1.0,0,1.5,0,0.001619
Equiformer,alpha,1.0,0,1.5,0,0.069198
Equiformer,h298,1.0,0,1.5,0,0.01748
Equiformer,homo,1.0,0,1.5,0,0.025328
Equiformer,r2,1.0,0,1.5,0,0.462178
Equiformer,u298,1.0,0,1.5,0,0.016864
Equiformer,g298,1.0,0,1.5,0,0.012934
Equiformer,gap,1.0,1.5,-1.5,0.5,0.045599
Equiformer,lumo,1.0,1.5,-1.5,0.5,0.022853
Equiformer,mu,1.0,1.5,-1.5,0.5,0.021838
Equiformer,alpha,1.0,1.5,-1.5,0.5,0.066303
Equiformer,homo,1.0,1.5,-1.5,0.5,0.025756
Equiformer,gap,0.01,1.5,0,0.5,0.045395
Equiformer,lumo,0.01,1.5,0,0.5,0.022482
Equiformer,mu,0.01,1.5,0,0.5,0.022524
Equiformer,alpha,0.01,1.5,0,0.5,0.066689
Equiformer,homo,0.01,1.5,0,0.5,0.02534
Equiformer,gap,0.5,-1.5,1.5,0.5,0.04598
Equiformer,lumo,0.5,-1.5,1.5,0.5,0.022559
Equiformer,mu,0.5,-1.5,1.5,0.5,0.022134
Equiformer,alpha,0.5,-1.5,1.5,0.5,0.066752
Equiformer,homo,0.5,-1.5,1.5,0.5,0.0253
Equiformer,cv,0.01,0,-1.5,0,0.026584
Equiformer,gap,0.01,0,-1.5,0,0.045578
Equiformer,lumo,0.01,0,-1.5,0,0.022581
Equiformer,u0,0.01,0,-1.5,0,0.01736
Equiformer,mu,0.01,0,-1.5,0,0.021599
Equiformer,zpve,0.01,0,-1.5,0,0.001645
Equiformer,alpha,0.01,0,-1.5,0,0.069371
Equiformer,h298,0.01,0,-1.5,0,0.017647
Equiformer,homo,0.01,0,-1.5,0,0.025269
Equiformer,r2,0.01,0,-1.5,0,0.444092
Equiformer,u298,0.01,0,-1.5,0,0.01775
Equiformer,g298,0.01,0,-1.5,0,0.013234
Equiformer,gap,0.01,0,-1.5,0.5,0.045871
Equiformer,lumo,0.01,0,-1.5,0.5,0.022679
Equiformer,mu,0.01,0,-1.5,0.5,0.02125
Equiformer,alpha,0.01,0,-1.5,0.5,0.066474
Equiformer,homo,0.01,0,-1.5,0.5,0.025453
Equiformer,gap,0.5,0,1.5,0.5,0.045158
Equiformer,lumo,0.5,0,1.5,0.5,0.022829
Equiformer,mu,0.5,0,1.5,0.5,0.021587
Equiformer,alpha,0.5,0,1.5,0.5,0.06578
Equiformer,homo,0.5,0,1.5,0.5,0.025486
Equiformer,lumo,1.0,1.5,1.5,0.5,0.022495
Equiformer,mu,1.0,1.5,1.5,0.5,0.022001
Equiformer,alpha,1.0,1.5,1.5,0.5,0.067574
Equiformer,homo,1.0,1.5,1.5,0.5,0.02574
Equiformer,gap,0.01,-1.5,0,0.5,0.045843
Equiformer,lumo,0.01,-1.5,0,0.5,0.022331
Equiformer,mu,0.01,-1.5,0,0.5,0.021495
Equiformer,alpha,0.01,-1.5,0,0.5,0.068483
Equiformer,homo,0.01,-1.5,0,0.5,0.025669
Equiformer,gap,0.01,-1.5,1.5,0.5,0.045198
Equiformer,lumo,0.01,-1.5,1.5,0.5,0.022283
Equiformer,mu,0.01,-1.5,1.5,0.5,0.021612
Equiformer,alpha,0.01,-1.5,1.5,0.5,0.066067
Equiformer,homo,0.01,-1.5,1.5,0.5,0.025657
Equiformer,gap,0.01,0,1.5,0.5,0.045461
Equiformer,lumo,0.01,0,1.5,0.5,0.022356
Equiformer,mu,0.01,0,1.5,0.5,0.022145
Equiformer,alpha,0.01,0,1.5,0.5,0.069286
Equiformer,homo,0.01,0,1.5,0.5,0.026176
Equiformer,cv,0.01,0,1.5,0,0.027112
Equiformer,gap,0.01,0,1.5,0,0.046408
Equiformer,lumo,0.01,0,1.5,0,0.022468
Equiformer,u0,0.01,0,1.5,0,0.017165
Equiformer,mu,0.01,0,1.5,0,0.02148
Equiformer,zpve,0.01,0,1.5,0,0.001668
Equiformer,alpha,0.01,0,1.5,0,0.066716
Equiformer,h298,0.01,0,1.5,0,0.02287
Equiformer,homo,0.01,0,1.5,0,0.025572
Equiformer,r2,0.01,0,1.5,0,0.444607
Equiformer,u298,0.01,0,1.5,0,0.016349
Equiformer,g298,0.01,0,1.5,0,0.012058
Equiformer,cv,0.01,0,0,0,0.026813
Equiformer,gap,0.01,0,0,0,0.045816
Equiformer,lumo,0.01,0,0,0,0.022478
Equiformer,u0,0.01,0,0,0,0.028208
Equiformer,mu,0.01,0,0,0,0.021424
Equiformer,zpve,0.01,0,0,0,0.001586
Equiformer,alpha,0.01,0,0,0,0.06718
Equiformer,h298,0.01,0,0,0,0.016872
Equiformer,homo,0.01,0,0,0,0.025739
Equiformer,r2,0.01,0,0,0,0.450564
Equiformer,u298,0.01,0,0,0,0.014802
Equiformer,g298,0.01,0,0,0,0.014241
Equiformer,gap,0.5,1.5,0,0.5,0.045385
Equiformer,lumo,0.5,1.5,0,0.5,0.022608
Equiformer,mu,0.5,1.5,0,0.5,0.02182
Equiformer,alpha,0.5,1.5,0,0.5,0.07101
Equiformer,homo,0.5,1.5,0,0.5,0.025486
Equiformer,gap,0.5,1.5,1.5,0.5,0.045102
Equiformer,lumo,0.5,1.5,1.5,0.5,0.022806
Equiformer,mu,0.5,1.5,1.5,0.5,0.021864
Equiformer,alpha,0.5,1.5,1.5,0.5,0.066036
Equiformer,homo,0.5,1.5,1.5,0.5,0.025613
Equiformer,gap,1.0,0,0,0.5,0.045207
Equiformer,lumo,1.0,0,0,0.5,0.022992
Equiformer,mu,1.0,0,0,0.5,0.022359
Equiformer,alpha,1.0,0,0,0.5,0.06726
Equiformer,homo,1.0,0,0,0.5,0.025586
Equiformer,gap,1.0,0,1.5,0.5,0.045119
Equiformer,lumo,1.0,0,1.5,0.5,0.022993
Equiformer,mu,1.0,0,1.5,0.5,0.021774
Equiformer,alpha,1.0,0,1.5,0.5,0.066133
Equiformer,homo,1.0,0,1.5,0.5,0.025724
Equiformer,gap,0.01,1.5,1.5,0.5,0.046209
Equiformer,lumo,0.01,1.5,1.5,0.5,0.022886
Equiformer,mu,0.01,1.5,1.5,0.5,0.021597
Equiformer,alpha,0.01,1.5,1.5,0.5,0.067869
Equiformer,homo,0.01,1.5,1.5,0.5,0.025948
Equiformer,gap,0.5,-1.5,0,0.5,0.046353
Equiformer,lumo,0.5,-1.5,0,0.5,0.022428
Equiformer,mu,0.5,-1.5,0,0.5,0.021254
Equiformer,alpha,0.5,-1.5,0,0.5,0.069961
Equiformer,homo,0.5,-1.5,0,0.5,0.025459
Equiformer,cv,0.5,0,1.5,0,0.026507
Equiformer,gap,0.5,0,1.5,0,0.046533
Equiformer,lumo,0.5,0,1.5,0,0.022553
Equiformer,u0,0.5,0,1.5,0,0.017675
Equiformer,mu,0.5,0,1.5,0,0.02117
Equiformer,zpve,0.5,0,1.5,0,0.00168
Equiformer,alpha,0.5,0,1.5,0,0.067706
Equiformer,h298,0.5,0,1.5,0,0.016934
Equiformer,homo,0.5,0,1.5,0,0.025486
Equiformer,r2,0.5,0,1.5,0,0.444262
Equiformer,u298,0.5,0,1.5,0,0.018009
Equiformer,g298,0.5,0,1.5,0,0.013462
Equiformer,cv,0.5,0,-1.5,0,0.02675
Equiformer,gap,0.5,0,-1.5,0,0.045357
Equiformer,lumo,0.5,0,-1.5,0,0.022777
Equiformer,u0,0.5,0,-1.5,0,0.016918
Equiformer,mu,0.5,0,-1.5,0,0.021943
Equiformer,zpve,0.5,0,-1.5,0,0.001707
Equiformer,alpha,0.5,0,-1.5,0,0.067602
Equiformer,h298,0.5,0,-1.5,0,0.017997
Equiformer,homo,0.5,0,-1.5,0,0.02538
Equiformer,r2,0.5,0,-1.5,0,0.44366
Equiformer,u298,0.5,0,-1.5,0,0.015736
Equiformer,g298,0.5,0,-1.5,0,0.012546
Equiformer,gap,0.01,1.5,-1.5,0.5,0.046283
Equiformer,lumo,0.01,1.5,-1.5,0.5,0.023017
Equiformer,mu,0.01,1.5,-1.5,0.5,0.021849
Equiformer,alpha,0.01,1.5,-1.5,0.5,0.061749
Equiformer,homo,0.01,1.5,-1.5,0.5,0.025422
Equiformer,gap,0.01,-1.5,-1.5,0.5,0.046148
Equiformer,lumo,0.01,-1.5,-1.5,0.5,0.02287
Equiformer,mu,0.01,-1.5,-1.5,0.5,0.021691
Equiformer,alpha,0.01,-1.5,-1.5,0.5,0.068477
Equiformer,homo,0.01,-1.5,-1.5,0.5,0.025557
Equiformer,gap,0.5,0,-1.5,0.5,0.046012
Equiformer,lumo,0.5,0,-1.5,0.5,0.022937
Equiformer,mu,0.5,0,-1.5,0.5,0.022171
Equiformer,alpha,0.5,0,-1.5,0.5,0.066011
Equiformer,homo,0.5,0,-1.5,0.5,0.025861
Equiformer,cv,1.0,0,0,0,0.02673
Equiformer,gap,1.0,0,0,0,0.045896
Equiformer,lumo,1.0,0,0,0,0.022487
Equiformer,u0,1.0,0,0,0,0.019223
Equiformer,mu,1.0,0,0,0,0.021496
Equiformer,zpve,1.0,0,0,0,0.001602
Equiformer,alpha,1.0,0,0,0,0.067049
Equiformer,h298,1.0,0,0,0,0.017131
Equiformer,homo,1.0,0,0,0,0.02599
Equiformer,r2,1.0,0,0,0,0.476181
Equiformer,u298,1.0,0,0,0,0.015392
Equiformer,g298,1.0,0,0,0,0.013574
Equiformer,gap,1.0,1.5,0,0.5,0.046121
Equiformer,lumo,1.0,1.5,0,0.5,0.022681
Equiformer,mu,1.0,1.5,0,0.5,0.022637
Equiformer,alpha,1.0,1.5,0,0.5,0.068425
Equiformer,homo,1.0,1.5,0,0.5,0.026043
Equiformer,gap,1.0,0,-1.5,0.5,0.045482
Equiformer,lumo,1.0,0,-1.5,0.5,0.022441
Equiformer,mu,1.0,0,-1.5,0.5,0.021763
Equiformer,alpha,1.0,0,-1.5,0.5,0.064351
Equiformer,homo,1.0,0,-1.5,0.5,0.025564
Equiformer,gap,1.0,-1.5,0,0.5,0.046142
Equiformer,lumo,1.0,-1.5,0,0.5,0.022863
Equiformer,mu,1.0,-1.5,0,0.5,0.022234
Equiformer,alpha,1.0,-1.5,0,0.5,0.063858
Equiformer,homo,1.0,-1.5,0,0.5,0.025545
